"Host","NumPubs"
"abrothrix longipilis",13
"abrothrix olivaceus",10
"abrothrix sanborni",1
"acanthis flammea",4
"accipiter cooperii",36
"accipiter gentilis",140
"accipiter gularis",8
"accipiter nisus",106
"accipiter striatus",20
"accipiter trivirgatus",4
"acerodon celebensis",1
"acinonyx jubatus",329
"acomys cahirinus",288
"acomys dimidiatus",41
"acomys johannis",1
"acomys russatus",62
"acridotheres cristatellus",1
"acridotheres tristis",63
"acrocephalus arundinaceus",72
"acrocephalus dumetorum",4
"acrocephalus palustris",10
"acrocephalus schoenobaenus",26
"acrocephalus scirpaceus",62
"actitis macularius",2
"addax nasomaculatus",29
"aechmophorus occidentalis",16
"aegithalos caudatus",29
"aegolius acadicus",11
"aegolius funereus",36
"aegypius monachus",50
"aeorestes cinereus",2
"aeorestes egregius",0
"aepyceros melampus",150
"aethomys kaiseri",3
"afronycteris nana",0
"agamia agami",1
"agapornis fischeri",6
"agapornis lilianae",2
"agapornis nigrigenis",2
"agapornis personatus",2
"agapornis pullarius",1
"agapornis roseicollis",46
"agapornis taranta",1
"agelaioides badius",5
"agelaius phoeniceus",136
"agelaius tricolor",6
"agropsar sturninus",0
"ailuropoda melanoleuca",358
"ailurus fulgens",108
"aix galericulata",13
"aix sponsa",63
"akodon azarae",67
"akodon cursor",38
"akodon montensis",62
"akodon paranaensis",12
"akodon simulator",3
"akodon varius",1
"alauda arvensis",38
"alcedo atthis",21
"alcelaphus buselaphus",30
"alces alces",583
"alces americanus",44
"alectoris barbara",13
"alectoris chukar",112
"alectoris graeca",45
"alectoris rufa",144
"alethe diademata",3
"alexandromys middendorffii",0
"alipiopsitta xanthops",1
"alisterus amboinensis",1
"alisterus scapularis",4
"allenopithecus nigroviridis",11
"allochrocebus lhoesti",0
"allochrocebus preussi",1
"allochrocebus solatus",0
"allocricetulus eversmanni",3
"alopochen aegyptiaca",4
"alouatta belzebul",32
"alouatta caraya",159
"alouatta guariba",60
"alouatta palliata",179
"alouatta pigra",112
"alouatta sara",13
"alouatta seniculus",91
"alticola argentatus",8
"amandava amandava",18
"amaurornis flavirostra",0
"amaurornis phoenicurus",8
"amazona aestiva",78
"amazona albifrons",4
"amazona amazonica",31
"amazona arausiaca",0
"amazona auropalliata",18
"amazona autumnalis",14
"amazona barbadensis",4
"amazona farinosa",6
"amazona festiva",1
"amazona finschi",4
"amazona leucocephala",3
"amazona ochrocephala",25
"amazona oratrix",12
"amazona pretrei",6
"amazona rhodocorytha",3
"amazona ventralis",64
"amazona versicolor",1
"amazona vinacea",8
"amazona viridigenalis",4
"amazona xantholora",1
"amblycercus holosericeus",0
"ammospermophilus nelsoni",2
"ammotragus lervia",64
"anas acuta",96
"anas bahamensis",1
"anas capensis",4
"anas carolinensis",13
"anas castanea",2
"anas crecca",89
"anas cyanoptera",11
"anas diazi",8
"anas erythrorhyncha",6
"anas flavirostris",6
"anas fulvigula",14
"anas georgica",5
"anas gibberifrons",1
"anas gracilis",10
"anas melleri",0
"anas platalea",3
"anas platyrhynchos",1490
"anas poecilorhyncha",19
"anas puna",1
"anas querquedula",18
"anas rubripes",49
"anas smithii",2
"anas superciliosa",6
"anas undulata",3
"anas versicolor",0
"anastomus oscitans",7
"anhinga anhinga",35
"anhinga melanogaster",4
"anhinga rufa",1
"anodorhynchus hyacinthinus",25
"anodorhynchus leari",7
"anoura caudifer",7
"anoura geoffroyi",16
"anourosorex squamipes",10
"anous stolidus",14
"anous tenuirostris",5
"anser albifrons",82
"anser anser",694
"anser brachyrhynchus",20
"anser caerulescens",49
"anser canagica",1
"anser canagicus",1
"anser cygnoides",110
"anser erythropus",9
"anser fabalis",31
"anser indicus",68
"anser rossii",2
"anseranas semipalmata",7
"antechinus flavipes",25
"antechinus stuartii",64
"anthornis melanura",7
"anthus campestris",5
"anthus rufulus",0
"anthus trivialis",9
"antidorcas marsupialis",72
"antigone antigone",51
"antigone canadensis",3
"antigone vipio",2
"antilocapra americana",98
"antilope cervicapra",40
"antrostomus carolinensis",1
"antrozous pallidus",34
"aonyx cinereus",14
"aotus azarai",25
"aotus nancymaae",94
"aotus trivirgatus",321
"aotus vociferans",59
"aphelocoma californica",54
"aphelocoma coerulescens",55
"apodemus agrarius",449
"apodemus alpicola",4
"apodemus argenteus",65
"apodemus chejuensis",8
"apodemus chevrieri",20
"apodemus draco",10
"apodemus flavicollis",430
"apodemus latronum",7
"apodemus mystacinus",18
"apodemus pallipes",1
"apodemus peninsulae",96
"apodemus ponticus",15
"apodemus speciosus",137
"apodemus sylvaticus",541
"apodemus uralensis",51
"aprosmictus erythropterus",0
"aptenodytes forsteri",81
"aptenodytes patagonicus",119
"apteryx australis",16
"apteryx mantelli",40
"apteryx owenii",8
"apus apus",120
"aquila adalberti",29
"aquila audax",6
"aquila chrysaetos",92
"aquila fasciata",23
"aquila heliaca",16
"aquila rapax",7
"ara ambiguus",4
"ara ararauna",65
"ara chloropterus",13
"ara glaucogularis",8
"ara macao",49
"ara militaris",9
"ara rubrogenys",5
"ara severus",3
"aratinga jandaya",1
"aratinga nenday",4
"aratinga solstitialis",10
"arctocebus calabarensis",2
"arctocephalus australis",65
"arctocephalus forsteri",35
"arctocephalus galapagoensis",10
"arctocephalus gazella",91
"arctocephalus pusillus",78
"arctocephalus tropicalis",32
"ardea alba",52
"ardea cinerea",70
"ardea herodias",64
"ardea intermedia",6
"ardenna carneipes",6
"ardenna pacifica",6
"ardenna tenuirostris",9
"ardeola bacchus",14
"ardeola grayii",11
"ardeola ralloides",7
"ardeotis kori",21
"arenaria interpres",49
"arenaria melanocephala",4
"argusianus argus",6
"arremon taciturnus",1
"artibeus cinereus",4
"artibeus fimbriatus",9
"artibeus glaucus",0
"artibeus hirsutus",3
"artibeus jamaicensis",106
"artibeus lituratus",115
"artibeus obscurus",11
"artibeus phaeotis",4
"artibeus planirostris",44
"artibeus toltecus",0
"arvicanthis neumanni",4
"arvicanthis niloticus",182
"arvicola amphibius",32
"arvicola scherman",15
"aselliscus stoliczkanus",12
"asio flammeus",13
"asio otus",63
"atelerix albiventris",108
"atelerix algirus",10
"ateles belzebuth",36
"ateles chamek",31
"ateles fusciceps",30
"ateles geoffroyi",207
"ateles paniscus",59
"athene noctua",64
"atherurus africanus",15
"atilax paludinosus",8
"avahi laniger",14
"axis porcinus",13
"aythya affinis",41
"aythya americana",26
"aythya baeri",0
"aythya collaris",13
"aythya ferina",29
"aythya fuligula",56
"aythya marila",34
"aythya nyroca",3
"aythya valisineria",22
"babyrousa babyrussa",26
"baeolophus bicolor",17
"baeolophus inornatus",1
"baiomys taylori",15
"balaena mysticetus",125
"balaenoptera acutorostrata",174
"balaenoptera borealis",57
"balaenoptera edeni",33
"balaenoptera physalus",206
"balearica pavonina",4
"balearica regulorum",7
"balionycteris maculata",0
"bambusicola thoracicus",1
"bandicota bengalensis",82
"bandicota indica",92
"bandicota savilei",22
"barbastella barbastellus",20
"barnardius zonarius",4
"basileuterus culicivorus",11
"bassaricyon gabbii",3
"bassariscus astutus",11
"bathilda ruficauda",0
"beatragus hunteri",1
"berylmys bowersi",4
"bettongia gaimardi",30
"bettongia penicillata",50
"bettongia tropica",4
"bibimys chacoensis",0
"bison bison",1197
"bison bonasus",186
"blarina brevicauda",87
"blastocerus dichotomus",34
"bleda eximius",0
"bolborhynchus lineola",1
"bombycilla cedrorum",12
"bombycilla garrulus",6
"bonasa umbellus",33
"bos frontalis",117
"bos gaurus",64
"bos grunniens",354
"bos indicus",1889
"bos javanicus",77
"bos mutus",22
"bos primigenius",103
"bos taurus",3356
"boselaphus tragocamelus",33
"botaurus lentiginosus",4
"botaurus stellaris",4
"brachylagus idahoensis",24
"brachyteles arachnoides",41
"bradypus tridactylus",43
"bradypus variegatus",60
"branta bernicla",47
"branta canadensis",180
"branta hutchinsii",4
"branta leucopsis",77
"branta ruficollis",3
"branta sandvicensis",9
"brotogeris pyrrhoptera",0
"brotogeris versicolurus",2
"bubalus bubalis",1926
"bubalus carabanensis",4
"bubo bubo",336
"bubo lacteus",1
"bubo scandiacus",16
"bubo sumatranus",0
"bubo virginianus",118
"bubulcus ibis",89
"bucephala albeola",11
"bucephala clangula",34
"bucorvus abyssinicus",2
"budorcas taxicolor",28
"bunomys penitus",1
"burhinus grallarius",1
"burhinus oedicnemus",17
"butastur indicus",5
"buteo brachyurus",1
"buteo buteo",446
"buteo jamaicensis",155
"buteo japonicus",3
"buteo lagopus",19
"buteo lineatus",22
"buteo regalis",14
"buteo rufinus",14
"buteo rufofuscus",1
"buteo swainsoni",25
"buteogallus meridionalis",5
"buteogallus urubitinga",4
"butorides striata",2
"butorides virescens",12
"bycanistes fistulator",0
"cabassous centralis",1
"cacajao calvus",30
"cacatua alba",20
"cacatua ducorpsii",1
"cacatua galerita",42
"cacatua goffiniana",8
"cacatua haematuropygia",0
"cacatua moluccensis",16
"cacatua ophthalmica",0
"cacatua pastinator",0
"cacatua sanguinea",4
"cacatua sulphurea",9
"cacatua tenuirostris",8
"cairina moschata",247
"calandrella cinerea",5
"calidris acuminata",2
"calidris alba",30
"calidris alpina",52
"calidris canutus",114
"calidris ferruginea",7
"calidris fuscicollis",14
"calidris mauri",35
"calidris minuta",5
"calidris minutilla",7
"calidris ptilocnemis",2
"calidris pugnax",4
"calidris pusilla",43
"calidris pygmaea",0
"calidris ruficollis",14
"callicebus dubius",4
"callicebus personatus",12
"callimico goeldii",88
"calliope calliope",16
"callipepla californica",19
"callipepla gambelii",16
"callithrix geoffroyi",55
"callithrix jacchus",2086
"callithrix kuhlii",27
"callithrix penicillata",136
"callocephalon fimbriatum",5
"callonetta leucophrys",2
"callorhinus ursinus",181
"callosciurus erythraeus",27
"callosciurus finlaysonii",8
"callosciurus notatus",9
"callosciurus prevostii",6
"callospermophilus lateralis",13
"caloenas nicobarica",2
"calomys callidus",7
"calomys callosus",112
"calomys fecundus",0
"calomys laucha",39
"calomys musculinus",62
"calomys tener",11
"caluromys derbianus",11
"caluromys philander",21
"calypte costae",6
"calyptomena viridis",2
"calyptorhynchus banksii",8
"calyptorhynchus lathami",2
"camarhynchus pallidus",0
"camelus bactrianus",177
"camelus dromedarius",1198
"canis adustus",21
"canis aureus",232
"canis latrans",435
"canis lupus",1270
"canis mesomelas",54
"canis simensis",27
"capra aegagrus",128
"capra falconeri",14
"capra hircus",1071
"capra ibex",262
"capra nubiana",22
"capra pyrenaica",127
"capra sibirica",12
"capreolus capreolus",783
"capricornis crispus",84
"capricornis sumatraensis",10
"caprimulgus europaeus",12
"caracal caracal",55
"caracara plancus",20
"cardinalis cardinalis",161
"cardioderma cor",3
"carduelis carduelis",171
"carollia brevicauda",21
"carollia perspicillata",199
"carollia sowelli",8
"carollia subrufa",1
"carpodacus erythrinus",9
"castor canadensis",146
"castor fiber",161
"cathartes aura",64
"catharus fuscescens",14
"catharus guttatus",13
"catharus ustulatus",39
"cavia porcellus",665
"cebuella pygmaea",49
"cebus albifrons",109
"cebus capucinus",179
"cebus imitator",23
"cebus olivaceus",24
"centrocercus urophasianus",79
"centropus phasianinus",3
"cephalopachus bancanus",3
"cephalophus callipygus",4
"cephalophus dorsalis",13
"cephalophus leucogaster",3
"cephalophus niger",3
"cephalophus nigrifrons",5
"cephalophus rufilatus",2
"cephalophus silvicultor",3
"cephalophus weynsi",1
"cephalophus zebra",0
"ceratotherium simum",210
"cercocebus agilis",13
"cercocebus atys",141
"cercocebus chrysogaster",4
"cercocebus galeritus",19
"cercocebus torquatus",76
"cercopithecus albogularis",22
"cercopithecus ascanius",61
"cercopithecus campbelli",29
"cercopithecus cephus",29
"cercopithecus denti",2
"cercopithecus diana",33
"cercopithecus erythrotis",7
"cercopithecus hamlyni",4
"cercopithecus kandti",4
"cercopithecus mitis",86
"cercopithecus mona",29
"cercopithecus neglectus",31
"cercopithecus nictitans",37
"cercopithecus petaurista",6
"cercopithecus pogonias",15
"cercopithecus wolfi",4
"cerdocyon thous",146
"cerradomys subflavus",7
"cervus canadensis",191
"cervus elaphus",1765
"cervus nippon",444
"chaerephon plicatus",3
"chaerephon pumilus",5
"chaetodipus hispidus",7
"chaetodipus penicillatus",5
"chaetodipus spinatus",2
"chaetophractus vellerosus",22
"chalcophaps indica",8
"charadrius alexandrinus",38
"charadrius melodus",13
"charmosyna josefinae",0
"chasiempis sandwichensis",0
"cheirogaleus medius",52
"chenonetta jubata",3
"cheracebus torquatus",3
"chinchilla chinchilla",1887
"chinchilla lanigera",128
"chionis albus",1
"chionomys nivalis",21
"chionomys roberti",3
"chironectes minimus",4
"chiropotes albinasus",1
"chiropotes chiropotes",82
"chiropotes satanas",28
"chiroxiphia caudata",8
"chlamydotis macqueenii",34
"chlamydotis undulata",63
"chlidonias hybrida",6
"chlidonias leucopterus",3
"chlidonias niger",2
"chloebia gouldiae",11
"chloephaga picta",4
"chloephaga poliocephala",1
"chloris chloris",225
"chlorocebus aethiops",210
"chlorocebus cynosuros",3
"chlorocebus pygerythrus",78
"chlorocebus sabaeus",112
"chlorocebus tantalus",7
"chlorodrepanis virens",5
"choeronycteris mexicana",10
"choloepus didactylus",48
"choloepus hoffmanni",73
"chondestes grammacus",5
"chroicocephalus brunnicephalus",2
"chroicocephalus cirrocephalus",0
"chroicocephalus genei",6
"chroicocephalus maculipennis",2
"chroicocephalus novaehollandiae",6
"chroicocephalus ridibundus",27
"chrotogale owstoni",0
"chrotopterus auritus",7
"chrysocyon brachyurus",107
"chrysolophus pictus",19
"ciconia boyciana",23
"ciconia ciconia",182
"ciconia nigra",18
"cinclus cinclus",47
"circaetus pectoralis",0
"circus aeruginosus",26
"circus cyaneus",20
"civettictis civetta",15
"clamator glandarius",25
"clanga pomarina",6
"clangula hyemalis",31
"coccothraustes coccothraustes",22
"coendou melanurus",1
"coendou mexicanus",1
"coendou prehensilis",16
"colaptes auratus",18
"colaptes campestris",5
"coleura afra",4
"colinus virginianus",297
"colobus angolensis",30
"colobus guereza",110
"colobus polykomos",37
"colobus vellerosus",23
"coloeus monedula",4
"columba guinea",15
"columba livia",1686
"columba oenas",8
"columba palumbus",48
"columba pulchricollis",1
"columbina passerina",13
"columbina picui",6
"columbina talpacoti",7
"conepatus chinga",20
"conepatus leuconotus",5
"connochaetes gnou",34
"connochaetes taurinus",100
"conopophaga aurita",1
"conopophila rufogularis",0
"contopus sordidulus",0
"contopus virens",2
"copsychus saularis",7
"coracias garrulus",19
"coracopsis vasa",4
"coragyps atratus",49
"corvus brachyrhynchos",114
"corvus corax",120
"corvus cornix",65
"corvus corone",110
"corvus coronoides",5
"corvus frugilegus",71
"corvus hawaiiensis",10
"corvus macrorhynchos",71
"corvus ossifragus",10
"corvus splendens",36
"corynorhinus rafinesquii",9
"corynorhinus townsendii",9
"corythornis cristatus",0
"corythornis leucogaster",0
"coscoroba coscoroba",9
"coturnix coturnix",2170
"coturnix japonica",1748
"cracticus torquatus",4
"crax fasciolata",3
"crex crex",48
"cricetomys emini",5
"cricetomys gambianus",115
"cricetulus barabensis",44
"cricetulus griseus",197
"cricetulus longicaudatus",5
"cricetulus migratorius",53
"cricetus cricetus",402
"crithagra mozambica",0
"crocidura attenuata",9
"crocidura douceti",1
"crocidura dsinezumi",7
"crocidura goliath",3
"crocidura grandiceps",0
"crocidura hirta",3
"crocidura lasiura",39
"crocidura leucodon",28
"crocidura littoralis",1
"crocidura luna",0
"crocidura montis",0
"crocidura olivieri",10
"crocidura russula",114
"crocidura shantungensis",8
"crocidura suaveolens",39
"crocuta crocuta",212
"crossoptilon auritum",5
"crossoptilon crossoptilon",20
"crotophaga sulcirostris",6
"ctenodactylus gundi",17
"cuculus canorus",116
"cuniculus paca",61
"cuon alpinus",31
"curruca curruca",9
"cyanistes caeruleus",247
"cyanocitta cristata",55
"cyanocompsa brissonii",1
"cyanoliseus patagonus",9
"cyanomitra olivacea",9
"cyanopica cyanus",11
"cyanopsitta spixii",6
"cyanoptila cyanomelana",1
"cyanoramphus auriceps",4
"cyanoramphus novaezelandiae",14
"cyanoramphus saisseti",1
"cyanoramphus unicolor",1
"cyclopes didactylus",8
"cygnus atratus",31
"cygnus bewickii",17
"cygnus buccinator",10
"cygnus columbianus",46
"cygnus cygnus",381
"cygnus melancoryphus",6
"cygnus olor",120
"cynictis penicillata",14
"cynomops abrasus",2
"cynomops planirostris",3
"cynomys leucurus",24
"cynomys ludovicianus",211
"cynopterus brachyotis",45
"cynopterus sphinx",69
"cystophora cristata",116
"dacelo novaeguineae",5
"dama dama",733
"damaliscus lunatus",23
"damaliscus pygargus",24
"dasycercus cristicauda",4
"dasymys incomtus",4
"dasymys rufulus",1
"dasyprocta fuliginosa",7
"dasyprocta leporina",49
"dasyprocta punctata",9
"dasypterus ega",1
"dasypterus intermedius",1
"dasypterus xanthinus",0
"dasypus novemcinctus",327
"daubentonia madagascariensis",72
"delichon urbicum",11
"delphinapterus leucas",330
"delphinus capensis",28
"delphinus delphis",206
"dendragapus obscurus",13
"dendrocopos major",12
"dendrocopos syriacus",2
"dendrocygna autumnalis",12
"dendrocygna javanica",2
"dendrocygna viduata",8
"dendrolagus goodfellowi",5
"dephomys defua",0
"deroptyus accipitrinus",2
"desmodillus auricularis",6
"desmodus rotundus",314
"diaemus youngi",13
"diceros bicornis",202
"diclidurus albus",0
"dicrostonyx groenlandicus",57
"didelphis albiventris",209
"didelphis aurita",96
"didelphis marsupialis",310
"didelphis virginiana",612
"dinaromys bogdanovi",1
"diopsittaca nobilis",6
"diphylla ecaudata",18
"diplomys labilis",0
"dipodillus campestris",4
"dipodillus dasyurus",16
"dipodomys californicus",12
"dipodomys heermanni",4
"dipodomys merriami",83
"dipodomys microps",8
"dipodomys nitratoides",1
"dipodomys ordii",45
"dipodomys panamintinus",10
"dipus sagitta",7
"diuca diuca",6
"dobsonia andersoni",0
"dobsonia moluccensis",2
"dolichotis patagonum",27
"dorcopsis veterum",0
"doryrhina cyclops",0
"dromaius novaehollandiae",181
"drymotoxeres pucheranii",0
"dryobates pubescens",2
"dryomys nitedula",17
"ducula bicolor",2
"dugong dugon",69
"dumetella carolinensis",30
"echinosorex gymnura",2
"eclectus roratus",32
"egretta caerulea",12
"egretta garzetta",80
"egretta novaehollandiae",3
"egretta thula",28
"egretta tricolor",9
"eidolon dupreanum",9
"eidolon helvum",115
"eira barbara",20
"elaphodus cephalophus",13
"elaphurus davidianus",67
"elephantulus myurus",30
"elephas maximus",564
"eliomys quercinus",102
"eliurus majori",1
"eliurus tanala",2
"elseyornis melanops",1
"emberiza calandra",5
"emberiza cioides",3
"emberiza citrinella",14
"emberiza elegans",5
"emberiza hortulana",9
"emberiza rustica",7
"emberiza schoeniclus",21
"emberiza spodocephala",10
"empidonax alnorum",2
"empidonax difficilis",1
"empidonax traillii",6
"enhydra lutris",214
"enicognathus ferrugineus",2
"enicognathus leptorhynchus",1
"eolophus roseicapilla",9
"eonycteris spelaea",29
"eos bornea",3
"eos cyanogenia",2
"eos reticulata",11
"eothenomys cachinus",2
"eothenomys chinensis",4
"eothenomys custos",2
"eothenomys eleusis",3
"eothenomys melanogaster",7
"eothenomys miletus",23
"epomophorus gambianus",14
"epomophorus labiatus",1
"epomophorus wahlbergi",14
"epomops buettikoferi",2
"epomops dobsonii",0
"epomops franqueti",12
"eptesicus brasiliensis",18
"eptesicus diminutus",2
"eptesicus furinalis",9
"eptesicus fuscus",504
"eptesicus isabellinus",11
"eptesicus serotinus",77
"equus asinus",402
"equus asinus x caballus",402
"equus burchellii",15
"equus caballus",778
"equus caballus x asinus",778
"equus ferus",104
"equus grevyi",46
"equus hemionus",77
"equus kiang",25
"equus przewalskii",101
"equus zebra",230
"eremophila alpestris",18
"erethizon dorsatum",56
"erignathus barbatus",58
"erinaceus europaeus",379
"erinaceus roumanicus",34
"erithacus rubecula",123
"erythrocebus patas",239
"erythrogonys cinctus",0
"erythrura psittacea",1
"eschrichtius robustus",64
"estrilda melpoda",2
"estrilda troglodytes",4
"eubalaena australis",64
"euderma maculatum",5
"eudocimus albus",31
"eudorcas thomsonii",5
"eudyptes chrysocome",48
"eudyptes chrysolophus",42
"eudyptula minor",93
"eulemur albifrons",12
"eulemur fulvus",120
"eulemur macaco",63
"eulemur mongoz",29
"eulemur rubriventer",33
"eulemur rufus",38
"eulidia yarrellii",0
"eumetopias jubatus",175
"eumops auripendulus",3
"eumops bonariensis",1
"eumops glaucinus",7
"eumops patagonicus",3
"eumops perotis",11
"eunymphicus cornutus",1
"euoticus elegantulus",3
"eupetomena macroura",12
"euphagus cyanocephalus",9
"euphonia violacea",1
"euphractus sexcinctus",49
"euplectes afer",6
"euplectes franciscanus",3
"euplectes orix",8
"eupodotis senegalensis",9
"eupsittula aurea",3
"eupsittula canicularis",1
"eupsittula pertinax",0
"eurillas latirostris",0
"eurillas virens",0
"euryoryzomys macconnelli",1
"euryzygomatomys spinosus",2
"falco biarmicus",14
"falco cherrug",54
"falco chicquera",1
"falco columbarius",27
"falco deiroleucus",3
"falco fasciinucha",3
"falco femoralis",7
"falco longipennis",1
"falco mexicanus",21
"falco naumanni",53
"falco peregrinus",207
"falco punctatus",8
"falco rusticolus",73
"falco sparverius",189
"falco subbuteo",12
"falco tinnunculus",164
"falco vespertinus",5
"felis catus",1148
"felis margarita",16
"felis nigripes",18
"felis silvestris",257
"feresa attenuata",9
"ficedula hypoleuca",247
"formicarius analis",1
"forpus coelestis",2
"forpus passerinus",12
"forpus xanthopterygius",1
"francolinus pintadeanus",4
"fratercula arctica",52
"fratercula cirrhata",14
"fratercula corniculata",8
"fregata andrewsi",3
"fregata minor",27
"fringilla coelebs",108
"fringilla montifringilla",13
"fulica alai",0
"fulica americana",56
"fulica armillata",0
"fulica atra",81
"fulica gigantea",0
"fulica rufifrons",0
"fulmarus glacialis",99
"funambulus pennantii",5
"funambulus tristriatus",1
"funisciurus anerythrus",3
"funisciurus pyrropus",1
"galago moholi",51
"galago senegalensis",155
"galagoides demidoff",2
"galerella pulverulenta",5
"galerella sanguinea",8
"galerida cristata",9
"galictis cuja",16
"gallicrex cinerea",1
"gallinago gallinago",39
"gallinula chloropus",36
"gallus gallus",4820
"garrulax canorus",8
"garrulax leucolophus",1
"garrulus glandarius",40
"gavia immer",75
"gavia stellata",16
"gazella arabica",7
"gazella cuvieri",19
"gazella dorcas",34
"gazella gazella",369
"gazella leptoceros",9
"gazella spekei",12
"gazella subgutturosa",64
"genetta genetta",80
"genetta maculata",6
"genetta tigrina",6
"geomys bursarius",19
"geopelia cuneata",15
"geopelia placida",1
"geopelia striata",6
"geospiza fortis",58
"geothlypis tolmiei",0
"geothlypis trichas",28
"geotrygon montana",3
"gerbilliscus brantsii",0
"gerbilliscus kempi",3
"gerbilliscus leucogaster",4
"gerbilliscus validus",0
"gerbillurus paeba",5
"gerbillus gerbillus",201
"gerbillus pyramidum",54
"gerygone albofrontata",0
"giraffa camelopardalis",218
"giraffa giraffa",227
"giraffa reticulata",28
"glaucidium brasilianum",8
"glaucidium passerinum",10
"glaucomys volans",33
"glauconycteris argentata",0
"glauconycteris poensis",2
"glauconycteris variegata",0
"glis glis",436
"globicephala macrorhynchus",50
"globicephala melas",111
"glossophaga commissarisi",9
"glossophaga longirostris",6
"glossophaga morenoi",1
"glossophaga soricina",108
"glossopsitta concinna",3
"golunda ellioti",3
"gorilla beringei",211
"gorilla beringei graueri",211
"gorilla gorilla",2378
"goura cristata",3
"gracula religiosa",20
"grallina cyanoleuca",6
"grammomys surdaster",9
"grampus griseus",101
"graomys griseoflavus",13
"grus americana",54
"grus grus",275
"grus japonensis",57
"grus leucogeranus",18
"grus monacha",19
"grus nigricollis",21
"grus paradisea",2
"grus virgo",4
"guaruba guarouba",6
"gubernatrix cristata",2
"guira guira",18
"gulo gulo",252
"gymnogyps californianus",44
"gymnorhina tibicen",18
"gypaetus barbatus",39
"gyps africanus",26
"gyps bengalensis",20
"gyps fulvus",84
"gyps himalayensis",12
"gyps rueppelli",1
"haematopus ater",2
"haematopus moquini",4
"haematopus ostralegus",46
"haematopus palliatus",7
"haematopus unicolor",3
"haemorhous mexicanus",74
"haemorhous purpureus",5
"halcyon senegalensis",1
"halcyon smyrnensis",11
"haliaeetus albicilla",91
"haliaeetus leucocephalus",180
"haliaeetus leucogaster",4
"haliaeetus pelagicus",6
"haliastur indus",4
"halichoerus grypus",367
"handleyomys alfaroi",1
"handleyomys fuscatus",0
"hapalemur aureus",10
"hapalemur griseus",46
"heimyscus fumosus",0
"helarctos malayanus",39
"heliosciurus gambianus",6
"heliosciurus rufobrachium",3
"hemiechinus auritus",40
"hemignathus flavus",0
"hemiphaga novaeseelandiae",4
"hemitragus jemlahicus",14
"herpestes ichneumon",37
"herpestes urva",4
"hesperiphona vespertina",1
"heteromys anomalus",6
"hexaprotodon liberiensis",11
"hieraaetus pennatus",15
"himantopus himantopus",48
"himantopus mexicanus",26
"himatione sanguinea",8
"hippolais icterina",6
"hippopotamus amphibius",90
"hipposideros abae",1
"hipposideros armiger",39
"hipposideros bicolor",8
"hipposideros caffer",9
"hipposideros cervinus",2
"hipposideros cineraceus",1
"hipposideros diadema",9
"hipposideros fuliginosus",6
"hipposideros galeritus",2
"hipposideros grandis",0
"hipposideros jonesi",0
"hipposideros lankadiva",5
"hipposideros larvatus",15
"hipposideros lekaguli",1
"hipposideros pomona",14
"hipposideros pratti",18
"hipposideros ruber",5
"hipposideros speoris",10
"hippotragus equinus",33
"hippotragus niger",44
"hirundo aethiopica",0
"hirundo neoxena",3
"hirundo rustica",256
"histiotus macrotus",1
"histiotus montanus",5
"histiotus velatus",5
"histrionicus histrionicus",30
"histriophoca fasciata",11
"holochilus brasiliensis",25
"hoolock hoolock",52
"hoplomys gymnurus",0
"hyaena hyaena",103
"hydrochoerus hydrochaeris",127
"hydromys chrysogaster",20
"hydropotes inermis",59
"hydrornis guajana",0
"hydrurga leptonyx",25
"hylaeamys laticeps",2
"hylaeamys megacephalus",15
"hylobates agilis",39
"hylobates albibarbis",12
"hylobates klossii",16
"hylobates lar",197
"hylobates moloch",31
"hylobates muelleri",19
"hylobates pileatus",34
"hylochoerus meinertzhageni",5
"hylocichla mustelina",31
"hylomyscus alleni",3
"hylomyscus endorobae",1
"hylomyscus pamfi",2
"hylomyscus parvus",2
"hylomyscus simus",4
"hylomyscus stella",4
"hylopetes phayrei",1
"hypocnemis cantator",1
"hypsignathus monstrosus",17
"hypsipetes amaurotis",8
"hypsugo pulveratus",3
"hypsugo savii",12
"hystrix africaeaustralis",18
"hystrix brachyura",11
"ia io",36
"ichneumia albicauda",6
"ichthyaetus ichthyaetus",7
"ichthyaetus leucophthalmus",0
"ichthyaetus melanocephalus",2
"icteria virens",5
"icterus galbula",7
"icterus prosthemelas",0
"icterus spurius",3
"ictidomys tridecemlineatus",136
"ictinia mississippiensis",3
"ictonyx striatus",9
"iduna pallida",0
"indopacetus pacificus",3
"indri indri",41
"inia geoffrensis",48
"irediparra gallinacea",1
"irena puella",4
"isleria hauxwelli",0
"isoodon macrourus",69
"isoodon obesulus",35
"ixobrychus eurhythmus",1
"ixobrychus exilis",3
"ixobrychus minutus",5
"ixobrychus sinensis",2
"jacana jacana",14
"jaculus orientalis",59
"junco hyemalis",160
"jynx torquilla",3
"kerivoula hardwickii",7
"kerivoula minuta",0
"kerivoula pellucida",2
"kobus ellipsiprymnus",35
"kobus kob",14
"kobus leche",40
"kobus megaceros",8
"kogia breviceps",74
"laephotis capensis",1
"lagenodelphis hosei",22
"lagenorhynchus acutus",48
"lagenorhynchus albirostris",29
"lagenorhynchus obliquidens",51
"lagenorhynchus obscurus",21
"lagopus lagopus",701
"lagopus muta",42
"lagorchestes conspicillatus",13
"lagothrix lagotricha",41
"lagurus lagurus",51
"lama glama",314
"lama guanicoe",90
"lanius collurio",26
"lanius isabellinus",1
"lanius ludovicianus",17
"lanius nubicus",1
"lanius schach",3
"lanius senator",4
"larosterna inca",2
"larus argentatus",300
"larus armenicus",3
"larus cachinnans",35
"larus californicus",18
"larus canus",51
"larus crassirostris",30
"larus delawarensis",55
"larus dominicanus",73
"larus fuscus",61
"larus glaucescens",46
"larus glaucoides",4
"larus hyperboreus",77
"larus marinus",38
"larus michahellis",104
"larus mongolicus",6
"larus occidentalis",21
"larus schistisagus",8
"larus smithsonianus",6
"larus vegae",2
"lasionycteris noctivagans",50
"lasiopodomys brandtii",76
"lasiopodomys gregalis",4
"lasiorhinus latifrons",49
"lasiurus blossevillii",3
"lasiurus borealis",49
"lasiurus seminolus",1
"lathamus discolor",7
"leiothlypis celata",0
"leiothrix argentauris",3
"leiothrix lutea",12
"lemmus lemmus",90
"lemmus sibiricus",26
"lemmus trimucronatus",27
"lemniscomys rosalia",4
"lemniscomys striatus",23
"lemur catta",344
"leontocebus fuscicollis",3
"leontocebus nigricollis",1
"leontopithecus chrysomelas",67
"leontopithecus chrysopygus",26
"leontopithecus rosalia",110
"leopardus colocolo",21
"leopardus geoffroyi",40
"leopardus guigna",20
"leopardus pardalis",111
"leopardus tigrinus",55
"leopardus wiedii",45
"leopoldamys edwardsi",20
"leopoldamys neilli",3
"leopoldamys sabanus",10
"lepilemur edwardsi",15
"lepilemur mustelinus",10
"leptailurus serval",28
"leptocoma sperata",0
"leptonychotes weddellii",74
"leptonycteris curasoae",21
"leptonycteris nivalis",10
"leptoptilos crumeniferus",14
"leptotila verreauxi",5
"lepus americanus",141
"lepus brachyurus",12
"lepus californicus",37
"lepus capensis",44
"lepus corsicanus",10
"lepus europaeus",345
"lepus granatensis",36
"lepus oiostolus",5
"lepus saxatilis",23
"lepus timidus",125
"lepus townsendii",5
"leucophaeus atricilla",12
"leucophaeus pipixcan",8
"leucophaeus scoresbii",3
"leucosarcia melanoleuca",0
"leucosticte tephrocotis",3
"limicola falcinellus",0
"limnodromus scolopaceus",3
"limosa lapponica",25
"limosa limosa",107
"linaria flavirostris",0
"liomys adspersus",0
"liomys salvini",5
"lissonycteris angolensis",4
"litocranius walleri",11
"lobodon carcinophaga",7
"lonchophylla robusta",0
"lonchura atricapilla",1
"lonchura castaneothorax",2
"lonchura maja",2
"lonchura punctulata",35
"lonchura striata",88
"lontra canadensis",84
"lophocebus albigena",44
"lophocebus aterrimus",10
"lophochroa leadbeateri",1
"lophodytes cucullatus",10
"lophophorus impejanus",4
"lophophorus lhuysii",5
"lophostoma silvicolum",5
"lophura erythrophthalma",1
"lophura leucomelanos",3
"lophura nycthemera",10
"lophura swinhoii",5
"lophuromys flavopunctatus",7
"lophuromys machangui",1
"lophuromys nudicaudus",0
"lophuromys sikapusi",2
"loris lydekkerianus",21
"lorius chlorocercus",2
"lorius lory",4
"loxia curvirostra",61
"loxodonta africana",556
"loxodontomys micropus",4
"luscinia luscinia",92
"luscinia svecica",26
"lutra lutra",270
"lybius dubius",2
"lycalopex culpaeus",15
"lycalopex griseus",9
"lycalopex gymnocercus",34
"lycalopex vetulus",18
"lycaon pictus",155
"lynx canadensis",82
"lynx lynx",798
"lynx pardinus",91
"lynx rufus",170
"lyrurus tetrix",15
"macaca arctoides",344
"macaca cyclopis",80
"macaca fascicularis",4043
"macaca fuscata",965
"macaca leonina",40
"macaca maura",12
"macaca mulatta",6602
"macaca nemestrina",1023
"macaca nigra",184
"macaca nigrescens",5
"macaca ochreata",3
"macaca radiata",416
"macaca silenus",64
"macaca sinica",48
"macaca sylvanus",159
"macaca tonkeana",68
"macroglossus minimus",6
"macroglossus sobrinus",1
"macronectes giganteus",17
"macronycteris commersoni",2
"macronycteris gigas",0
"macronycteris vittata",0
"macropus fuliginosus",73
"macropus giganteus",170
"macrotis lagotis",17
"macrotus californicus",17
"madoqua kirkii",14
"madoqua saltiana",4
"malacomys longipes",4
"malacorhynchus membranaceus",0
"malurus cyaneus",46
"mandrillus leucophaeus",42
"mandrillus sphinx",135
"manis pentadactyla",53
"manorina melanophrys",6
"mareca americana",2
"mareca falcata",0
"mareca penelope",4
"mareca sibilatrix",1
"mareca strepera",7
"marmaronetta angustirostris",5
"marmosa demerarae",10
"marmosa murina",15
"marmosa robinsoni",6
"marmosets",3
"marmosops parvidens",3
"marmota baibacina",11
"marmota caudata",8
"marmota flaviventris",74
"marmota himalayana",47
"marmota marmota",493
"marmota monax",245
"marmota sibirica",13
"martes americana",68
"martes foina",113
"martes martes",377
"martes melampus",33
"martes pennanti",65
"martes zibellina",50
"mastomys awashensis",1
"mastomys coucha",152
"mastomys erythroleucus",42
"mastomys huberti",21
"mastomys natalensis",540
"maxomys surifer",15
"maxomys whiteheadi",9
"mazama americana",45
"mazama gouazoupira",1
"mazama nana",7
"megaderma lyra",36
"megaderma spasma",7
"megadontomys nelsoni",2
"megaerops niphanae",2
"megalaima zeylanica",0
"megaloglossus woermanni",3
"megascops asio",24
"megascops choliba",9
"melanerpes carolinus",7
"melanitta americana",3
"melanitta fusca",24
"melanitta nigra",21
"melanitta perspicillata",21
"melanomys caliginosus",9
"meleagris gallopavo",558
"meleagris ocellata",3
"meles leucurus",9
"meles meles",554
"melithreptus brevirostris",0
"mellivora capensis",10
"melogale moschata",21
"melopsittacus undulatus",459
"melospiza georgiana",22
"melospiza melodia",214
"melozone fusca",2
"melursus ursinus",20
"menetes berdmorei",7
"menura novaehollandiae",5
"mephitis macroura",11
"mephitis mephitis",260
"mergellus albellus",2
"mergus merganser",37
"mergus serrator",14
"meriones crassus",87
"meriones libycus",101
"meriones meridianus",58
"meriones shawi",68
"meriones tamariscinus",26
"meriones unguiculatus",1536
"merops apiaster",28
"merops ornatus",2
"mesocricetus auratus",1731
"mesomys hispidus",7
"mesoplodon bidens",8
"mesoplodon bowdoini",3
"mesoplodon grayi",4
"mesoplodon mirus",11
"metachirus nudicaudatus",17
"micaelamys namaquensis",18
"mico argentatus",4
"mico leucippe",0
"microcarbo melanoleucos",0
"microcarbo niger",0
"microcarbo pygmaeus",0
"microcebus murinus",354
"microeca fascinans",0
"micromys minutus",76
"micronycteris megalotis",2
"micropteropus pusillus",8
"microtus agrestis",427
"microtus arvalis",516
"microtus californicus",71
"microtus dogramacii",0
"microtus duodecimcostatus",13
"microtus fortis",91
"microtus guentheri",27
"microtus ilaeus",2
"microtus levis",16
"microtus longicaudus",10
"microtus majori",6
"microtus maximowiczii",10
"microtus mexicanus",6
"microtus miurus",4
"microtus montanus",122
"microtus montebelli",51
"microtus obscurus",18
"microtus ochrogaster",473
"microtus oeconomus",172
"microtus pennsylvanicus",282
"microtus pinetorum",47
"microtus richardsoni",4
"microtus socialis",36
"microtus xanthognathus",6
"millardia meltada",24
"milvus migrans",87
"milvus milvus",126
"mimus polyglottos",29
"miniopterus africanus",0
"miniopterus fuliginosus",41
"miniopterus fuscus",2
"miniopterus inflatus",7
"miniopterus magnater",6
"miniopterus minor",6
"miniopterus natalensis",15
"miniopterus pusillus",11
"miniopterus schreibersii",100
"miopithecus ogouensis",3
"miopithecus talapoin",25
"mirounga angustirostris",236
"mirounga leonina",139
"mniotilta varia",6
"molossops neglectus",1
"molossus molossus",178
"molossus pretiosus",1
"molossus rufus",14
"molossus sinaloae",3
"molothrus ater",168
"molothrus bonariensis",27
"monachus monachus",197
"monasa nigrifrons",1
"monodelphis brevicaudata",8
"monodelphis domestica",693
"montifringilla henrici",1
"mops condylurus",13
"mops midas",0
"mormoops megalophylla",11
"morus bassanus",48
"morus serrator",17
"moschus berezovskii",48
"moschus chrysogaster",13
"motacilla alba",17
"motacilla capensis",0
"motacilla flava",11
"mungos mungo",62
"muntiacus muntjak",78
"muntiacus reevesi",63
"murina aurata",0
"murina cyclotis",1
"murina leucogaster",15
"mus baoulei",2
"mus booduga",68
"mus caroli",153
"mus cervicolor",45
"mus cookii",24
"mus mattheyi",3
"mus minutoides",51
"mus musculoides",7
"mus musculus",5456
"mus setulosus",4
"mus spicilegus",86
"mus spretus",632
"mus terricolor",20
"muscicapa striata",4
"musophaga rossae",0
"mustela erminea",83
"mustela eversmannii",4
"mustela frenata",11
"mustela itatsi",21
"mustela kathiah",1
"mustela lutreola",55
"mustela nigripes",66
"mustela nivalis",77
"mustela putorius",617
"mustela sibirica",35
"mycteria leucocephala",6
"myiarchus crinitus",4
"myiarchus tyrannulus",2
"myiobius barbatus",1
"myiopsitta monachus",56
"myiozetetes granadensis",0
"myiozetetes similis",2
"myocastor coypus",156
"myodes andersoni",2
"myodes gapperi",24
"myodes glareolus",488
"myodes regulus",24
"myodes rex",2
"myodes rufocanus",42
"myodes rutilus",34
"myodes smithii",1
"myonycteris torquata",8
"myoprocta acouchy",5
"myopus schisticolor",25
"myotis albescens",7
"myotis altarium",4
"myotis austroriparius",7
"myotis bechsteinii",36
"myotis blythii",27
"myotis brandtii",32
"myotis californicus",12
"myotis capaccinii",15
"myotis chiloensis",6
"myotis chinensis",3
"myotis ciliolabrum",6
"myotis dasycneme",29
"myotis daubentonii",110
"myotis davidii",19
"myotis emarginatus",14
"myotis evotis",9
"myotis fimbriatus",7
"myotis grisescens",12
"myotis horsfieldii",3
"myotis keaysi",3
"myotis keenii",4
"myotis laniger",1
"myotis leibii",1
"myotis levis",7
"myotis longipes",0
"myotis lucifugus",378
"myotis macrodactylus",13
"myotis muricola",2
"myotis myotis",1116
"myotis mystacinus",28
"myotis nattereri",55
"myotis nigricans",31
"myotis oxygnathus",12
"myotis oxyotus",2
"myotis ricketti",21
"myotis riparius",8
"myotis ruber",4
"myotis septentrionalis",30
"myotis siligorensis",2
"myotis thysanodes",10
"myotis velifer",28
"myotis volans",9
"myotis yumanensis",11
"myotomys unisulcatus",2
"myrmecobius fasciatus",18
"myrmecophaga tridactyla",83
"naemorhedus goral",23
"nandinia binotata",10
"nanger dama",14
"nanger granti",7
"napaeozapus insignis",2
"nasalis larvatus",51
"nasua narica",40
"nasua nasua",164
"natalus stramineus",4
"natalus tumidirostris",2
"neacomys musseri",2
"neacomys spinosus",6
"necromys benefactus",2
"necromys lasiurus",35
"necromys obscurus",0
"necrosyrtes monachus",5
"nectarinia olivacea",4
"nectomys squamipes",86
"neochen jubata",3
"neochmia temporalis",3
"neodon clarkei",2
"neodon fuscus",4
"neofelis nebulosa",61
"neomonachus schauinslandi",9
"neomys anomalus",13
"neomys fodiens",44
"neophema chrysogaster",6
"neophema elegans",1
"neophema pulchella",0
"neophema splendida",4
"neophoca cinerea",40
"neophocaena phocaenoides",84
"neophron percnopterus",54
"neopsephotus bourkii",7
"neoromicia brunneus",0
"neoromicia tenuipinnis",0
"neotoma albigula",68
"neotoma cinerea",16
"neotoma floridana",35
"neotoma fuscipes",66
"neotoma lepida",56
"neotoma leucodon",3
"neotoma macrotis",14
"neotoma mexicana",33
"neotoma micropus",55
"neotoma stephensi",24
"neovison vison",263
"nephelomys albigularis",0
"nesokia indica",40
"nestor notabilis",35
"netta peposaca",5
"netta rufina",6
"neurotrichus gibbsii",10
"ninox boobook",6
"ninox connivens",1
"ninox novaeseelandiae",6
"ninox scutulata",1
"ninox strenua",8
"nipponia nippon",36
"nisaetus cirrhatus",1
"nisaetus nipalensis",4
"niviventer andersoni",3
"niviventer confucianus",27
"niviventer coninga",1
"niviventer cremoriventer",4
"niviventer eha",3
"niviventer fulvescens",12
"niviventer niviventer",59
"noctilio albiventris",24
"nomascus concolor",39
"nomascus gabriellae",18
"nomascus leucogenys",48
"northiella haematogaster",0
"notamacropus agilis",0
"notamacropus dorsalis",1
"notamacropus eugenii",5
"notamacropus irma",2
"notamacropus parma",1
"notamacropus parryi",0
"notamacropus rufogriseus",5
"notiomystis cincta",40
"numenius arquata",16
"numenius phaeopus",15
"numida meleagris",211
"nyctalus noctula",65
"nyctalus velutinus",3
"nyctanassa violacea",9
"nyctereutes procyonoides",293
"nycteris grandis",1
"nycteris hispida",2
"nycteris thebaica",9
"nycteris tragata",0
"nycticebus bengalensis",10
"nycticebus coucang",118
"nycticebus pygmaeus",34
"nycticeius humeralis",11
"nycticorax caledonicus",1
"nycticorax nycticorax",105
"nyctimene cephalotes",0
"nyctinomops laticaudatus",17
"nyctinomops macrotis",11
"nymphicus hollandicus",158
"oceanodroma castro",11
"oceanodroma leucorhoa",31
"ochotona alpina",4
"ochotona collaris",12
"ochotona curzoniae",101
"ochotona dauurica",10
"ochotona pallasi",8
"ochotona thibetana",2
"ochrotomys nuttalli",8
"octodon degus",343
"ocyphaps lophotes",6
"odobenus rosmarus",106
"odocoileus hemionus",403
"odocoileus virginianus",1216
"oecomys bicolor",3
"oecomys paricola",4
"oena capensis",3
"oenanthe isabellina",6
"okapia johnstoni",38
"oligoryzomys chacoensis",5
"oligoryzomys flavescens",41
"oligoryzomys fornesi",8
"oligoryzomys fulvescens",13
"oligoryzomys longicaudatus",42
"oligoryzomys microtis",14
"oligoryzomys nigripes",69
"ondatra zibethicus",123
"onychogalea unguifera",1
"onychomys leucogaster",57
"onychomys torridus",17
"onychoprion fuscatus",10
"orcinus orca",268
"oreamnos americanus",69
"oreoscoptes montanus",5
"oreotragus oreotragus",10
"orientallactaga sibirica",0
"oriolus flavocinctus",0
"oriolus oriolus",11
"ornithorhynchus anatinus",205
"ortalis vetula",3
"oryctolagus cuniculus",1537
"oryx beisa",7
"oryx dammah",43
"oryx gazella",61
"oryx leucoryx",62
"oryzomys couesi",7
"oryzomys palustris",67
"osphranter antilopinus",4
"osphranter robustus",6
"osphranter rufus",3
"otaria byronia",22
"otis tarda",32
"otocolobus manul",21
"otocyon megalotis",23
"otolemur crassicaudatus",30
"otomops martiensseni",4
"otomys irroratus",10
"otomys tropicalis",0
"otospermophilus beecheyi",12
"otospermophilus variegatus",4
"otus scops",43
"ourebia ourebi",6
"ovibos moschatus",129
"ovis ammon",76
"ovis aries",1298
"ovis canadensis",353
"ovis dalli",66
"ovis orientalis",85
"oxymycterus nasutus",7
"oxymycterus quaestor",3
"oxymycterus rufus",14
"oxyura jamaicensis",21
"oxyura leucocephala",9
"ozotoceros bezoarticus",46
"pachyuromys duprasi",15
"padda oryzivora",17
"paguma larvata",45
"pan paniscus",533
"pan troglodytes",2489
"pandion haliaetus",95
"panthera leo",488
"panthera onca",189
"panthera pardus",263
"panthera tigris",375
"panthera uncia",88
"panurus biarmicus",7
"papio anubis",827
"papio cynocephalus",553
"papio hamadryas",592
"papio papio",3081
"papio ursinus",415
"parabuteo unicinctus",29
"paradisaea apoda",0
"paradoxurus hermaphroditus",19
"paradoxurus zeylonensis",0
"parahyaena brunnea",10
"parahypsugo crassulus",0
"parastrellus hesperus",0
"parkesia noveboracensis",1
"paroaria coronata",3
"parotomys brantsii",3
"paruromys dominator",6
"parus major",754
"parvipsitta porphyrocephala",0
"passer domesticus",749
"passer hispaniolensis",20
"passer luteus",0
"passer montanus",116
"passerculus sandwichensis",41
"passerella iliaca",10
"passerina cyanea",19
"patagioenas fasciata",9
"pavo cristatus",98
"pavo muticus",12
"pecari tajacu",96
"pedetes capensis",17
"pelea capreolus",13
"pelecanus conspicillatus",8
"pelecanus crispus",12
"pelecanus erythrorhynchos",35
"pelecanus occidentalis",62
"pelecanus onocrotalus",21
"pelecanus philippensis",3
"penelope superciliaris",2
"penelopina nigra",1
"peponocephala electra",31
"perameles bougainville",16
"perameles gunnii",20
"perameles nasuta",23
"perdix perdix",85
"perimyotis subflavus",25
"periparus ater",12
"pernis apivorus",22
"perodicticus potto",55
"perognathus parvus",11
"peromyscus attwateri",5
"peromyscus aztecus",11
"peromyscus beatae",5
"peromyscus boylii",36
"peromyscus californicus",187
"peromyscus crinitus",8
"peromyscus difficilis",8
"peromyscus eremicus",59
"peromyscus gossypinus",43
"peromyscus leucopus",686
"peromyscus maniculatus",892
"peromyscus megalops",3
"peromyscus melanophrys",6
"peromyscus melanotis",10
"peromyscus mexicanus",13
"peromyscus pectoralis",6
"peromyscus truei",30
"petaurus breviceps",55
"petrochelidon pyrrhonota",59
"petrogale assimilis",8
"petrogale inornata",3
"petrogale lateralis",13
"petrogale mareeba",1
"petrogale persephone",5
"petrogale purpureicollis",3
"petrogale xanthopus",8
"petroica traversi",8
"phacochoerus aethiopicus",53
"phacochoerus africanus",41
"phalacrocorax aristotelis",52
"phalacrocorax auritus",122
"phalacrocorax brasilianus",20
"phalacrocorax capensis",4
"phalacrocorax carbo",189
"phalacrocorax pelagicus",6
"phalacrocorax sulcirostris",1
"phalaropus fulicarius",8
"phaner parienti",3
"phascolarctos cinereus",400
"phasianus colchicus",321
"phataginus tricuspis",11
"pheucticus melanocephalus",5
"philander frenatus",4
"philander opossum",52
"philantomba maxwellii",1
"philantomba monticola",7
"philesturnus carunculatus",8
"philetor brachypterus",0
"philydor erythrocercum",0
"phoca fasciata",19
"phoca groenlandica",96
"phoca largha",66
"phoca vitulina",757
"phocarctos hookeri",33
"phocoena phocoena",457
"phocoena spinipinnis",15
"phocoenoides dalli",45
"phodopus roborovskii",42
"phodopus sungorus",660
"phoebastria immutabilis",29
"phoeniconaias minor",27
"phoenicopterus chilensis",19
"phoenicopterus roseus",44
"phoenicopterus ruber",67
"phoeniculus purpureus",10
"phoenicurus ochruros",13
"phoenicurus phoenicurus",52
"phyllomys dasythrix",0
"phylloscopus collybita",24
"phylloscopus inornatus",6
"phylloscopus proregulus",3
"phylloscopus trochilus",43
"phyllostomus discolor",83
"phyllostomus hastatus",51
"phyllotis darwini",43
"physeter catodon",43
"piaya minuta",0
"pica hudsonia",11
"pica nuttalli",7
"pica pica",2542
"picathartes gymnocephalus",0
"picus canus",5
"picus viridis",3
"piliocolobus badius",22
"piliocolobus rufomitratus",6
"piliocolobus tephrosceles",11
"piliocolobus tholloni",0
"pinicola enucleator",5
"pionites leucogaster",2
"pionites melanocephalus",1
"pionopsitta pileata",2
"pionus chalcopterus",2
"pionus fuscus",1
"pionus maximiliani",2
"pionus menstruus",3
"pipilo chlorurus",0
"pipilo erythrophthalmus",9
"pipistrellus abramus",38
"pipistrellus ceylonicus",3
"pipistrellus coromandra",2
"pipistrellus hesperidus",5
"pipistrellus kuhlii",38
"pipistrellus nanulus",1
"pipistrellus nathusii",22
"pipistrellus pipistrellus",314
"pipistrellus pygmaeus",36
"pipra erythrocephala",1
"piranga flava",0
"piranga ludoviciana",4
"piranga olivacea",1
"pitangus sulphuratus",10
"pithecia irrorata",12
"pithecia monachus",9
"pithecia pithecia",109
"pitta sordida",3
"platalea leucorodia",18
"platalea minor",10
"platycercus elegans",20
"platycercus eximius",20
"platycercus venustus",1
"platyrrhinus helleri",4
"platyrrhinus lineatus",19
"plecotus auritus",59
"plecotus austriacus",16
"plectrophenax nivalis",20
"plectropterus gambensis",1
"plecturocebus brunneus",1
"plecturocebus caligatus",1
"plecturocebus moloch",4
"plegadis falcinellus",17
"ploceus cucullatus",7
"ploceus melanocephalus",3
"ploceus ocularis",1
"ploceus velatus",3
"pluvialis apricaria",8
"pluvialis fulva",3
"pluvialis squatarola",17
"podargus strigoides",11
"podiceps auritus",9
"podiceps cristatus",36
"podiceps grisegena",13
"podiceps nigricollis",21
"podilymbus podiceps",8
"poecile atricapillus",136
"poecile carolinensis",37
"poecile montanus",15
"poecile palustris",14
"poephila cincta",4
"poephila personata",0
"poicephalus cryptoxanthus",1
"poicephalus gulielmi",2
"poicephalus meyeri",2
"poicephalus robustus",6
"poicephalus rueppellii",1
"poicephalus rufiventris",2
"poicephalus senegalus",4
"polysticta stelleri",12
"polytelis anthopeplus",2
"polytelis swainsonii",0
"pongo abelii",183
"pongo pygmaeus",525
"porcula salvania",4
"porphyrio martinica",2
"potamochoerus larvatus",18
"potamochoerus porcus",23
"potorous gilbertii",10
"potorous longipes",4
"potorous tridactylus",60
"potos flavus",29
"praomys daltoni",7
"praomys derooi",1
"praomys jacksoni",4
"praomys misonnei",3
"praomys rostratus",4
"praomys tullbergi",8
"presbytis melalophos",16
"primolius auricollis",2
"primolius couloni",3
"primolius maracana",5
"prionailurus bengalensis",70
"prionailurus iriomotensis",8
"prionailurus planiceps",5
"prionailurus viverrinus",21
"prionodon linsang",6
"probosciger aterrimus",8
"procapra gutturosa",21
"procapra przewalskii",16
"procarduelis nipalensis",0
"procavia capensis",103
"procolobus verus",10
"procyon cancrivorus",20
"procyon lotor",725
"proechimys cuvieri",8
"proechimys guairae",7
"proechimys guyannensis",23
"proechimys longicaudatus",5
"proechimys semispinosus",11
"progne subis",15
"prolemur simus",10
"promops centralis",0
"propithecus coquereli",43
"propithecus deckenii",0
"propithecus tattersalli",19
"propithecus verreauxi",104
"proteles cristata",3
"prunella modularis",31
"psaltriparus minimus",2
"psarocolius decumanus",3
"psarocolius viridis",1
"psarocolius wagleri",0
"psephotellus chrysopterygius",0
"psephotellus dissimilis",0
"psephotellus varius",1
"psephotus haematonotus",5
"pseudocheirus peregrinus",47
"pseudochirulus herbertensis",0
"pseudois nayaur",42
"pseudomys novaehollandiae",3
"pseudorca crassidens",85
"pseudoscops clamator",0
"psittacara erythrogenys",1
"psittacara finschi",0
"psittacara leucophthalmus",4
"psittacara wagleri",0
"psittacula alexandri",4
"psittacula columboides",1
"psittacula cyanocephala",6
"psittacula derbiana",2
"psittacula echo",4
"psittacula eques",3
"psittacula eupatria",10
"psittacula finschii",1
"psittacula himalayana",1
"psittacula krameri",69
"psittaculirostris edwardsii",0
"psittacus erithacus",173
"psittacus timneh",15
"psitteuteles goldiei",0
"pternistis leucoscepus",1
"pternistis squamatus",0
"pteroglossus torquatus",0
"pteroglossus viridis",3
"pteromys volans",21
"pteronotus davyi",6
"pteronotus parnellii",161
"pteropus admiralitatum",0
"pteropus alecto",96
"pteropus capistratus",1
"pteropus conspicillatus",29
"pteropus dasymallus",7
"pteropus giganteus",61
"pteropus hypomelanus",42
"pteropus lylei",22
"pteropus neohibernicus",2
"pteropus poliocephalus",78
"pteropus pumilus",13
"pteropus rodricensis",10
"pteropus rufus",16
"pteropus scapulatus",38
"pteropus tonganus",3
"pteropus vampyrus",61
"pudu puda",25
"puffinus puffinus",131
"puma concolor",335
"puma yagouaroundi",35
"purpureicephalus spurius",2
"pusa caspica",14
"pusa hispida",94
"pusa sibirica",45
"pycnonotus jocosus",7
"pycnonotus leucotis",1
"pycnonotus plumosus",1
"pycnonotus sinensis",21
"pycnonotus xanthopygos",8
"pygathrix nemaeus",22
"pygoscelis adeliae",156
"pygoscelis antarcticus",22
"pygoscelis papua",110
"pyrenestes sanguineus",1
"pyrilia barrabandi",0
"pyroderus scutatus",0
"pyrrhula erythaca",4
"pyrrhula pyrrhula",31
"pyrrhura cruentata",1
"pyrrhura frontalis",2
"pyrrhura griseipectus",0
"pyrrhura molinae",4
"pyrrhura perlata",0
"pytilia hypogrammica",1
"quelea quelea",44
"querula purpurata",2
"quiscalus major",6
"quiscalus quiscula",38
"rallus aquaticus",9
"ramphastos dicolorus",1
"ramphastos sulfuratus",6
"ramphastos swainsonii",3
"ramphastos toco",23
"ramphocelus carbo",4
"ramphocelus passerinii",2
"rangifer tarandus",737
"raphicerus campestris",12
"raphicerus sharpei",0
"rattus andamanensis",6
"rattus argentiventer",28
"rattus exulans",113
"rattus flavipectus",53
"rattus fuscipes",43
"rattus hoffmanni",2
"rattus leucopus",17
"rattus losea",59
"rattus lutreolus",11
"rattus nitidus",13
"rattus norvegicus",3619
"rattus pyctoris",1
"rattus rattus",5218
"rattus sordidus",4
"rattus tanezumi",86
"rattus tiomanicus",29
"rattus tunneyi",4
"rattus xanthurus",4
"ratufa bicolor",4
"ratufa macroura",3
"recurvirostra novaehollandiae",1
"redunca arundinum",9
"redunca fulvorufula",12
"redunca redunca",35
"regulus satrapa",1
"reithrodontomys fulvescens",15
"reithrodontomys megalotis",47
"reithrodontomys sumichrasti",10
"rhabdomys pumilio",96
"rhea americana",111
"rhea pennata",15
"rhinoceros unicornis",93
"rhinolophus acuminatus",1
"rhinolophus affinis",22
"rhinolophus alcyone",1
"rhinolophus arcuatus",1
"rhinolophus blasii",5
"rhinolophus blythi",3
"rhinolophus clivosus",9
"rhinolophus coelophyllus",0
"rhinolophus cornutus",10
"rhinolophus creaghi",0
"rhinolophus eloquens",2
"rhinolophus euryale",13
"rhinolophus ferrumequinum",141
"rhinolophus fumigatus",0
"rhinolophus hildebrandti",1
"rhinolophus hipposideros",80
"rhinolophus landeri",2
"rhinolophus lepidus",4
"rhinolophus luctus",2
"rhinolophus macrotis",8
"rhinolophus mehelyi",10
"rhinolophus monoceros",11
"rhinolophus paradoxolophus",0
"rhinolophus pearsonii",0
"rhinolophus pusillus",18
"rhinolophus rex",1
"rhinolophus rouxii",2
"rhinolophus shameli",1
"rhinolophus simulator",3
"rhinolophus sinicus",42
"rhinolophus thomasi",3
"rhinolophus trifoliatus",0
"rhinophylla pumilio",4
"rhinopithecus bieti",91
"rhinopithecus roxellana",142
"rhinopoma hardwickii",6
"rhinosciurus laticaudatus",1
"rhipidura fuliginosa",4
"rhizomys pruinosus",12
"rhizomys sinensis",16
"rhogeessa parvula",3
"rhogeessa tumida",3
"rhombomys opimus",160
"rhopocichla atriceps",0
"rhynchonycteris naso",5
"rhynchotus rufescens",12
"riparia paludicola",1
"riparia riparia",331
"rissa tridactyla",161
"romerolagus diazi",16
"rousettus aegyptiacus",202
"rousettus amplexicaudatus",10
"rousettus leschenaultii",21
"rousettus madagascariensis",9
"rucervus duvaucelii",4
"rupicapra pyrenaica",105
"rupicapra rupicapra",265
"rupicola rupicola",60
"rupornis magnirostris",14
"rusa alfredi",2
"rusa timorensis",48
"rusa unicolor",39
"ruwenzorisorex suncoides",0
"rynchops niger",13
"saccolaimus flaviventris",5
"saccolaimus saccolaimus",7
"sagittarius serpentarius",5
"saguinus bicolor",17
"saguinus geoffroyi",47
"saguinus imperator",32
"saguinus labiatus",66
"saguinus midas",50
"saguinus mystax",100
"saguinus oedipus",395
"saiga tatarica",42
"saimiri boliviensis",160
"saimiri oerstedii",13
"saimiri sciureus",1188
"saimiri ustus",16
"saltator maximus",0
"sapajus apella",107
"sapajus cay",11
"sapajus libidinosus",72
"sapajus nigritus",30
"sapajus xanthosternos",13
"sarcophilus harrisii",168
"sarkidiornis sylvicola",0
"saxicola rubetra",5
"saxicola torquatus",3
"sayornis phoebe",8
"scalopus aquaticus",29
"sciurus carolinensis",219
"sciurus granatensis",11
"sciurus griseus",28
"sciurus niger",64
"sciurus variegatoides",8
"sciurus vulgaris",172
"scolopax minor",15
"scolopax rusticola",25
"scotophilus dinganii",1
"scotophilus heathii",6
"scotophilus kuhlii",16
"scotophilus leucogaster",3
"scotophilus nigrita",0
"scotophilus nux",0
"seiurus aurocapilla",25
"sekeetamys calurus",6
"semnopithecus entellus",32
"semnopithecus priam",7
"semnopithecus schistaceus",6
"sericornis frontalis",9
"serinus canaria",214
"serinus leucopygius",0
"setonix brachyurus",129
"setophaga coronata",16
"setophaga magnolia",2
"setophaga pensylvanica",3
"setophaga petechia",13
"setophaga ruticilla",34
"setophaga striata",4
"sialia mexicana",26
"sialia sialis",59
"sibirionetta formosa",0
"sicalis flaveola",15
"sicalis luteola",2
"sicista betulina",4
"sigmodon alstoni",12
"sigmodon hispidus",410
"sigmodon mascotensis",4
"sigmodon toltecus",4
"sitta canadensis",5
"sitta carolinensis",15
"sitta europaea",22
"sminthopsis dolichura",1
"somateria fischeri",18
"somateria mollissima",208
"somateria spectabilis",10
"sooretamys angouya",14
"sorex araneus",377
"sorex arcticus",0
"sorex caecutiens",23
"sorex cinereus",27
"sorex coronatus",16
"sorex daphaenodon",4
"sorex hoyi",3
"sorex isodon",6
"sorex minutus",65
"sorex roboratus",4
"sorex shinto",5
"sorex tundrensis",11
"sorex unguiculatus",24
"sorex vagrans",8
"sotalia fluviatilis",26
"sotalia guianensis",98
"spatula clypeata",4
"spatula discors",8
"spatula querquedula",4
"speothos venaticus",37
"spermophilus alashanicus",4
"spermophilus citellus",37
"spermophilus dauricus",42
"spermophilus erythrogenys",5
"spermophilus fulvus",9
"spermophilus pygmaeus",10
"spheniscus demersus",123
"spheniscus humboldti",63
"spheniscus magellanicus",120
"spilogale gracilis",10
"spilogale putorius",23
"spilopelia chinensis",4
"spilopelia senegalensis",8
"spinus atratus",0
"spinus cucullatus",2
"spinus magellanicus",2
"spinus pinus",8
"spinus psaltria",2
"spinus spinus",76
"spinus tristis",16
"spizella passerina",22
"sporophila angolensis",5
"sporophila caerulescens",7
"stenella clymene",9
"stenella coeruleoalba",273
"stenella frontalis",57
"stenella longirostris",63
"steno bredanensis",48
"stenocephalemys albipes",6
"stercorarius antarcticus",7
"stercorarius lonnbergi",4
"stercorarius maccormicki",6
"stercorarius parasiticus",8
"stercorarius skua",33
"sterna hirundo",132
"sternula albifrons",4
"sternula antillarum",11
"streptopelia capicola",5
"streptopelia decaocto",59
"streptopelia orientalis",16
"streptopelia risoria",179
"streptopelia semitorquata",2
"streptopelia tranquebarica",5
"streptopelia turtur",26
"strigops habroptila",2
"strix aluco",111
"strix nebulosa",12
"strix occidentalis",50
"strix uralensis",25
"strix varia",56
"struthio camelus",508
"sturnella magna",12
"sturnira lilium",60
"sturnira ludovici",5
"sturnira tildae",0
"sturnus cineraceus",4
"sturnus sericeus",3
"sturnus unicolor",35
"sturnus vulgaris",683
"sula dactylatra",14
"sula sula",448
"suncus murinus",715
"sundamys infraluteus",0
"sundamys muelleri",11
"sundasciurus hippurus",1
"sundasciurus lowii",1
"suricata suricatta",148
"surnia ulula",0
"sus barbatus",12
"sus celebensis",11
"sus scrofa",3141
"sus verrucosus",7
"sylvia atricapilla",106
"sylvia borin",62
"sylvia communis",19
"sylvia nisoria",2
"sylvicapra grimmia",28
"sylvilagus aquaticus",6
"sylvilagus audubonii",20
"sylvilagus bachmani",16
"sylvilagus brasiliensis",10
"sylvilagus floridanus",141
"sylvilagus nuttallii",15
"sylvilagus palustris",12
"sylvisorex ollula",3
"symphalangus syndactylus",58
"synaptomys borealis",1
"syncerus caffer",391
"syrrhaptes paradoxus",0
"tachybaptus novaehollandiae",1
"tachybaptus ruficollis",10
"tachyeres pteneres",0
"tachyglossus aculeatus",202
"tachyoryctes splendens",9
"tadarida brasiliensis",174
"tadarida teniotis",17
"tadorna ferruginea",17
"tadorna radjah",0
"tadorna tadorna",46
"tadorna tadornoides",2
"taeniopygia guttata",985
"talpa europaea",124
"talpa romana",8
"tamandua tetradactyla",82
"tamias amoenus",23
"tamias dorsalis",1
"tamias merriami",4
"tamias minimus",16
"tamias ochrogenys",5
"tamias quadrivittatus",3
"tamias sibiricus",66
"tamias sonomae",1
"tamias speciosus",12
"tamias striatus",125
"tamias umbrinus",1
"tamiasciurus douglasii",12
"tamiasciurus hudsonicus",123
"tamiops swinhoei",6
"tangara arthus",0
"tanygnathus lucionensis",1
"taphozous longimanus",11
"taphozous mauritianus",3
"taphozous melanopogon",23
"taphozous perforatus",6
"taphozous theobaldi",2
"tapirus bairdii",29
"tapirus indicus",35
"tapirus terrestris",67
"tarsiger cyanurus",5
"tatera indica",64
"tauraco erythrolophus",2
"taxidea taxus",39
"tayassu pecari",78
"tephrodornis virgatus",0
"terathopius ecaudatus",4
"terpsiphone viridis",2
"terricola subterraneus",3
"tetracerus quadricornis",7
"tetrao urogallus",69
"tetrastes bonasia",8
"tetrax tetrax",78
"thalassarche chrysostoma",18
"thalassarche melanophris",21
"thalasseus elegans",1
"thalasseus sandvicensis",6
"thallomys nigricauda",4
"thamnophilus amazonicus",1
"thaptomys nigrita",11
"thectocercus acuticaudatus",0
"theropithecus gelada",103
"thinornis novaeseelandiae",1
"thomomys talpoides",22
"thoopterus nigrescens",0
"threskiornis aethiopicus",12
"threskiornis molucca",6
"thryomanes bewickii",0
"thryonomys swinderianus",74
"thryothorus ludovicianus",14
"thylogale billardierii",24
"thylogale stigmatica",11
"thyroptera tricolor",11
"todiramphus cinnamominus",0
"tolmomyias poliocephalus",0
"tolypeutes matacus",13
"tonatia bidens",1
"toxostoma redivivum",1
"toxostoma rufum",13
"trachops cirrhosus",27
"trachypithecus auratus",12
"trachypithecus cristatus",21
"trachypithecus francoisi",33
"trachypithecus obscurus",10
"trachypithecus phayrei",16
"trachypithecus pileatus",11
"trachypithecus vetulus",5
"tragelaphus angasii",19
"tragelaphus eurycerus",29
"tragelaphus imberbis",14
"tragelaphus oryx",33
"tragelaphus scriptus",42
"tragelaphus spekii",10
"tragelaphus strepsiceros",92
"tragopan caboti",1
"tragulus javanicus",43
"transandinomys bolivaris",1
"tremarctos ornatus",29
"treron pompadora",0
"treron sieboldii",1
"triaenops afer",2
"triaenops persicus",3
"trichechus inunguis",27
"trichechus manatus",215
"trichoglossus chlorolepidotus",2
"trichoglossus euteles",0
"trichoglossus forsteni",0
"trichoglossus haematodus",28
"trichoglossus moluccanus",7
"trichoglossus rubritorquis",2
"trichosurus vulpecula",762
"tringa brevipes",1
"tringa flavipes",8
"tringa glareola",5
"tringa melanoleuca",3
"tringa nebularia",1
"tringa ochropus",4
"tringa semipalmata",9
"tringa totanus",21
"trinomys iheringi",5
"troglodytes troglodytes",2653
"trogon viridis",4
"tscherskia triton",26
"tupaia belangeri",460
"tupaia chinensis",101
"tupaia glis",225
"tupaia tana",13
"turdus amaurochalinus",10
"turdus grayi",10
"turdus hortulorum",5
"turdus iliacus",11
"turdus libonyana",0
"turdus merula",230
"turdus migratorius",110
"turdus nudigenis",3
"turdus pallidus",10
"turdus philomelos",71
"turdus pilaris",9
"turdus rufiventris",23
"turdus viscivorus",5
"tursiops aduncus",116
"tursiops truncatus",1299
"tylomys nudicaudus",2
"tylonycteris pachypus",13
"tympanuchus cupido",46
"tympanuchus phasianellus",8
"tyrannus melancholicus",5
"tyto alba",299
"upucerthia dumetaria",1
"upupa epops",41
"uraeginthus bengalus",1
"uranomys ruddi",3
"uria aalge",147
"uria lomvia",113
"urocissa erythroryncha",1
"urocitellus columbianus",8
"urocitellus parryii",39
"urocitellus richardsonii",25
"urocitellus undulatus",5
"urocyon cinereoargenteus",104
"urocyon littoralis",40
"uroderma bilobatum",18
"uromys caudimaculatus",2
"urotrichus talpoides",26
"ursus americanus",345
"ursus arctos",579
"ursus maritimus",414
"ursus thibetanus",126
"urva javanica",0
"vampyrodes caraccioli",1
"vampyrum spectrum",3
"vandeleuria oleracea",5
"vanellus coronatus",2
"vanellus spinosus",3
"vanellus vanellus",49
"varecia rubra",43
"varecia variegata",105
"vespadelus pumilus",2
"vespertilio murinus",13
"vespertilio sinensis",9
"vestiaria coccinea",9
"vicugna pacos",230
"vicugna vicugna",270
"vireo flavifrons",1
"vireo gilvus",4
"vireo griseus",3
"vireo olivaceus",17
"viverricula indica",9
"vombatus ursinus",69
"vulpes chama",4
"vulpes corsac",13
"vulpes ferrilata",12
"vulpes lagopus",164
"vulpes macrotis",32
"vulpes velox",16
"vulpes vulpes",1600
"vulpes zerda",16
"wallabia bicolor",54
"willisornis poecilinotus",1
"xerus erythropus",11
"xerus inauris",20
"zalophus californianus",420
"zalophus wollebaeki",32
"zanda funerea",0
"zapus hudsonius",15
"zenaida auriculata",28
"zenaida macroura",67
"ziphius cavirostris",71
"zonotrichia albicollis",98
"zonotrichia capensis",68
"zonotrichia leucophrys",211
"zoothera dauma",1
"zosterops japonicus",13
"zosterops lateralis",34
"zygodontomys brevicauda",31
"zygodontomys cherriei",5
"acrocephalus baeticatus",4
"akodon molinae",16
"arctictis binturong",21
"ateles hybridus",19
"atherurus macrourus",2
"callicebus nigrifrons",22
"callicebus ornatus",0
"capra caucasica",2
"cavia cutleri",0
"cephalophus natalensis",10
"cercopithecus doggetti",2
"cercopithecus erythrogaster",2
"cercopithecus roloway",1
"chodsigoa caovansunga",1
"cricetomys ansorgei",6
"crocidura flavescens",3
"cynomys parvidens",9
"dryomys laniger",1
"eliomys melanurus",4
"euchoreutes naso",4
"felis chaus",19
"galictis vittata",3
"gazella bennettii",6
"geothlypis formosa",0
"glirulus japonicus",3
"gracilinanus microtarsus",13
"graphiurus kelleni",5
"graphiurus microtis",1
"graphiurus ocularis",2
"heliosciurus undulatus",0
"hybomys univittatus",3
"hystrix cristata",41
"jaculus jaculus",97
"lagothrix lugens",9
"lipotes vexillifer",24
"lonchorhina aurita",5
"lophostoma brasiliense",0
"loris tardigradus",41
"loxodonta cyclotis",58
"macaca assamensis",84
"macaca brunnescens",2
"macaca hecki",6
"macaca munzala",8
"macaca speciosa",90
"mesocricetus brandti",50
"mico emiliae",1
"muscardinus avellanarius",36
"myotis formosus",6
"nanger soemmerringii",2
"neophocaena asiaeorientalis",84
"neotragus moschatus",8
"noctilio leporinus",20
"nyctalus leisleri",14
"oryzomys texensis",1
"plecturocebus cupreus",9
"profelis aurata",2
"propithecus diadema",39
"pteropus rayneri",0
"raphicerus melanotis",4
"setophaga caerulescens",12
"sturnira parvidens",7
